label1,label2,value
Brain,Brain,0.8598253135636854
Brain,Heart,0.14017468643631456
Heart,Brain,0.14017468643631456
Heart,Heart,0.8598253135636854
