label1,label2,value
Heart,Heart,0.8770283739739007
Heart,Brain,0.12297162602609939
Brain,Heart,0.12297162602609939
Brain,Brain,0.8770283739739007
